id,name,gender
1,Tomlin,Male
2,Amye,Female
3,Luis,Male
4,Bradney,Genderfluid
5,Simone,Female
6,Arni,Genderqueer
7,Margery,Female
8,Sam,Male
9,Isidoro,Male
10,Florry,Polygender
11,Willem,Male
12,Archy,Agender
13,Talia,Female
14,Mia,Female
15,Filippa,Female
16,Daniele,Female
17,Kati,Female
18,Dulcia,Female
19,Nessie,Female
20,Mycah,Male
21,Nollie,Female
22,Jeramey,Male
23,Mable,Female
24,Audrye,Female
25,Hervey,Male
26,Emily,Female
27,Brittne,Female
28,Zenia,Female
29,Franchot,Male
30,Bernice,Female
31,Conroy,Male
32,Vasili,Male
33,Jarrett,Male
34,Donnie,Male
35,Phaedra,Female
36,Mikael,Male
37,Boothe,Male
38,Seana,Female
39,Fritz,Male
40,Meredeth,Male
41,Dilan,Male
42,Mirilla,Female
43,Darby,Male
44,Jorrie,Genderqueer
45,Hadrian,Genderqueer
46,Wanids,Female
47,Brittany,Female
48,Baily,Male
49,Millicent,Female
50,Christoforo,Male
51,Kevin,Male
52,Elvira,Female
53,Baldwin,Male
54,Devin,Female
55,Ansley,Female
56,Deanna,Female
57,Malvin,Male
58,Eveleen,Female
59,Guthrie,Genderqueer
60,Garreth,Male
61,Cariotta,Female
62,Dredi,Female
63,Daveta,Female
64,Domini,Female
65,Lita,Polygender
66,Shep,Male
67,Peyter,Male
68,Harvey,Male
69,Sharleen,Female
70,Myca,Male
71,Kandy,Female
72,Solly,Genderqueer
73,Heriberto,Male
74,Ursa,Female
75,Cassaundra,Female
76,Durante,Male
77,Verene,Female
78,Blair,Polygender
79,Brennan,Male
80,Prue,Female
81,Emmalynne,Female
82,Katharina,Female
83,Dennet,Male
84,Monte,Male
85,Dorothy,Female
86,Codi,Male
87,Morlee,Male
88,Marcelline,Female
89,Ranee,Female
90,Isis,Female
91,Kennie,Male
92,Alissa,Female
93,Gherardo,Male
94,Jecho,Male
95,Franciskus,Male
96,Dynah,Female
97,Donaugh,Male
98,Hubert,Male
99,Scot,Male
100,Tara,Female
